{
  "@module": "pymatgen.core.structure",
  "@class": "Structure",
  "charge": null,
  "lattice": {
    "matrix": [
      [
        2.60673646539116,
        0.0,
        1.5050000000000003
      ],
      [
        0.8689121551303868,
        2.457654708592455,
        1.5050000000000003
      ],
      [
        0.0,
        0.0,
        3.01
      ]
    ],
    "a": 3.01,
    "b": 3.0100000000000002,
    "c": 3.01,
    "alpha": 59.99999999999999,
    "beta": 59.999999999999986,
    "gamma": 59.99999999999999,
    "volume": 19.283439026166995
  },
  "sites": [
    {
      "species": [
        {
          "element": "Mg",
          "occu": 1
        }
      ],
      "abc": [
        0.0,
        0.0,
        0.0
      ],
      "xyz": [
        0.0,
        0.0,
        0.0
      ],
      "label": "Mg",
      "properties": {}
    },
    {
      "species": [
        {
          "element": "O",
          "occu": 1
        }
      ],
      "abc": [
        0.5,
        0.5,
        0.5
      ],
      "xyz": [
        1.7378243102607733,
        1.2288273542962276,
        3.0100000000000002
      ],
      "label": "O",
      "properties": {}
    }
  ]
}